{"PRCL": [1.0, 61.01999999999998], "NPRO": [1.0, 38.02999999999997], "n_punct": [3.0, 227.13999999999987], "title_len": [5.0, 14.009999999999991]}